ID,RootVolume
ID_208667_Hnkl8q,0
ID_285249_Jnjvav,0
ID_697947_Yec6bd,0
ID_534638_X3j91f,0
ID_929298_Xvymuz,0
ID_962011_Xliqf0,0
ID_273739_Vhbypt,0
ID_557810_Klirzi,0
ID_111546_Xaujvn,0
ID_316464_Thc8bh,0
ID_393158_Fph3qv,0
ID_425408_Yercj1,0
ID_908192_Xtsnc7,0
ID_205546_Fof3xx,0
ID_493818_Cpaykh,0
ID_153154_Wlopzx,0
ID_565070_S9tjo7,0
ID_304842_Z571sy,0
ID_688282_Dujmyr,0
ID_407828_Qkeoqf,0
ID_184031_D01bsk,0
ID_326744_Qt5k8v,0
ID_319403_Gpv9ax,0
ID_987831_Uegrsm,0
ID_375230_Rhcvqw,0
ID_169510_Hlqokb,0
ID_109643_Exlqaq,0
ID_980636_Lmy6yi,0
ID_776892_Ltqlgb,0
ID_813803_Vlfpbi,0
ID_468986_Ntpojw,0
ID_330709_K1r6cj,0
ID_254031_Knmqbt,0
ID_907938_D3fuog,0
ID_801383_Ppxylj,0
ID_770770_Filqvb,0
ID_282933_Wto0yh,0
ID_657308_Mn58dk,0
ID_871322_Yizngh,0
ID_361990_N4lwnn,0
ID_857513_Axuhlo,0
ID_751605_Es7lyl,0
ID_876852_Heqaxi,0
ID_765162_G0c5vc,0
ID_519184_Fyxtoa,0
ID_311718_O0eeqc,0
ID_222441_Z7nwap,0
ID_343327_Aeyovq,0
ID_992996_Ccyjjv,0
ID_365338_Maiq4o,0
ID_479401_Enwuci,0
ID_413644_Pgwhvv,0
ID_156527_Vnxj3g,0
ID_559506_Ulhfit,0
ID_893458_Onvh8p,0
ID_145848_Aijb13,0
ID_159438_Jqvcr4,0
ID_752130_Cnfgmz,0
ID_187539_Psi6lt,0
ID_825817_Esl6bx,0
ID_245704_Otgh5g,0
ID_224012_Tjiv87,0
ID_231736_Pcqfqz,0
ID_575130_Tvm6zl,0
ID_223010_Dazjvr,0
ID_441970_Ut9ckr,0
ID_972296_Pqinvt,0
ID_283856_Ptm0sx,0
ID_697686_Uriarc,0
ID_856306_Dyqouq,0
ID_980579_Dvlnf0,0
ID_908386_Y3umpz,0
ID_176915_Ylbaig,0
ID_914878_Hpvqtm,0
ID_131583_Evinxg,0
ID_790313_Iqezrx,0
ID_933780_Eqptfu,0
ID_132601_Kvvwtm,0
ID_809641_N4gwvo,0
ID_242507_Metlm6,0
ID_707569_W2k21x,0
ID_525768_Lsommf,0
ID_151058_Yk52il,0
ID_771838_I7ay8f,0
ID_406795_Yj29nq,0
ID_794362_Ifduhx,0
ID_591176_Ojyiiq,0
ID_205406_Zi0uad,0
ID_305375_Uknceg,0
ID_711994_Qksh6g,0
ID_308339_Dqm2gd,0
ID_688793_Ke6rju,0
ID_957083_Nszzb3,0
ID_857540_Bvtz1t,0
ID_829195_Xylogt,0
ID_166161_Rnxese,0
ID_701624_J0uboj,0
ID_136437_Voxgev,0
ID_203460_Rk5egc,0
ID_937281_S98c0m,0
ID_832730_Ihuchl,0
ID_406946_Cs1rp8,0
ID_815338_Zqmjqz,0
ID_674835_Ywjqie,0
ID_425317_Yhzl3f,0
ID_154540_Xnpdue,0
ID_578883_Qkva3g,0
ID_820184_Sgdqv1,0
ID_644491_Xizcat,0
ID_178522_Mzzxq2,0
ID_905630_Hi8zri,0
ID_579127_Ocneey,0
ID_967932_Dt8pdv,0
ID_399754_Xpvv2s,0
ID_824179_Vopvrq,0
ID_149167_Cgb9eu,0
ID_431443_Rntvjg,0
ID_842285_Midsgu,0
ID_186020_X70lop,0
ID_421935_Y5p6aj,0
ID_882394_F1mqj8,0
ID_790618_U5gu4z,0
ID_219379_Cmqngh,0
ID_580613_Sb9dfx,0
ID_367528_Grp2b7,0
ID_652025_Ecubfg,0
ID_456856_Iucagp,0
ID_163551_Alfdb5,0
ID_947929_Qsuqln,0
ID_225470_Hju47r,0
