ID,Target
Q1_Answer,
Q1_Reference_Document,
Q1_Article_Number,
Q2_Answer,
Q2_Reference_Document,
Q2_Article_Number,
Q3_Answer,
Q3_Reference_Document,
Q3_Article_Number,
Q4_Answer,
Q4_Reference_Document,
Q4_Article_Number,
Q5_Answer,
Q5_Reference_Document,
Q5_Article_Number,
Q6_Answer,
Q6_Reference_Document,
Q6_Article_Number,
Q7_Answer,
Q7_Reference_Document,
Q7_Article_Number,
Q8_Answer,
Q8_Reference_Document,
Q8_Article_Number,
Q9_Answer,
Q9_Reference_Document,
Q9_Article_Number,
Q10_Answer,
Q10_Reference_Document,
Q10_Article_Number,
Q11_Answer,
Q11_Reference_Document,
Q11_Article_Number,
Q12_Answer,
Q12_Reference_Document,
Q12_Article_Number,
Q13_Answer,
Q13_Reference_Document,
Q13_Article_Number,
Q14_Answer,
Q14_Reference_Document,
Q14_Article_Number,
Q15_Answer,
Q15_Reference_Document,
Q15_Article_Number,
Q16_Answer,
Q16_Reference_Document,
Q16_Article_Number,
Q17_Answer,
Q17_Reference_Document,
Q17_Article_Number,
Q18_Answer,
Q18_Reference_Document,
Q18_Article_Number,
Q19_Answer,
Q19_Reference_Document,
Q19_Article_Number,
Q20_Answer,
Q20_Reference_Document,
Q20_Article_Number,
Q21_Answer,
Q21_Reference_Document,
Q21_Article_Number,
Q22_Answer,
Q22_Reference_Document,
Q22_Article_Number,
Q23_Answer,
Q23_Reference_Document,
Q23_Article_Number,
Q24_Answer,
Q24_Reference_Document,
Q24_Article_Number,
Q25_Answer,
Q25_Reference_Document,
Q25_Article_Number,
Q26_Answer,
Q26_Reference_Document,
Q26_Article_Number,
Q27_Answer,
Q27_Reference_Document,
Q27_Article_Number,
Q28_Answer,
Q28_Reference_Document,
Q28_Article_Number,
Q29_Answer,
Q29_Reference_Document,
Q29_Article_Number,
Q30_Answer,
Q30_Reference_Document,
Q30_Article_Number,
Q31_Answer,
Q31_Reference_Document,
Q31_Article_Number,
Q32_Answer,
Q32_Reference_Document,
Q32_Article_Number,
Q33_Answer,
Q33_Reference_Document,
Q33_Article_Number,
Q34_Answer,
Q34_Reference_Document,
Q34_Article_Number,
Q35_Answer,
Q35_Reference_Document,
Q35_Article_Number,
Q36_Answer,
Q36_Reference_Document,
Q36_Article_Number,
Q37_Answer,
Q37_Reference_Document,
Q37_Article_Number,
Q38_Answer,
Q38_Reference_Document,
Q38_Article_Number,
Q39_Answer,
Q39_Reference_Document,
Q39_Article_Number,
Q40_Answer,
Q40_Reference_Document,
Q40_Article_Number,
Q41_Answer,
Q41_Reference_Document,
Q41_Article_Number,
Q42_Answer,
Q42_Reference_Document,
Q42_Article_Number,
Q43_Answer,
Q43_Reference_Document,
Q43_Article_Number,
Q44_Answer,
Q44_Reference_Document,
Q44_Article_Number,
Q45_Answer,
Q45_Reference_Document,
Q45_Article_Number,
Q46_Answer,
Q46_Reference_Document,
Q46_Article_Number,
Q47_Answer,
Q47_Reference_Document,
Q47_Article_Number,
Q48_Answer,
Q48_Reference_Document,
Q48_Article_Number,
Q49_Answer,
Q49_Reference_Document,
Q49_Article_Number,
Q50_Answer,
Q50_Reference_Document,
Q50_Article_Number,
Q51_Answer,
Q51_Reference_Document,
Q51_Article_Number,
Q52_Answer,
Q52_Reference_Document,
Q52_Article_Number,
Q53_Answer,
Q53_Reference_Document,
Q53_Article_Number,
Q54_Answer,
Q54_Reference_Document,
Q54_Article_Number,
Q55_Answer,
Q55_Reference_Document,
Q55_Article_Number,
Q56_Answer,
Q56_Reference_Document,
Q56_Article_Number,
Q57_Answer,
Q57_Reference_Document,
Q57_Article_Number,
Q58_Answer,
Q58_Reference_Document,
Q58_Article_Number,
Q59_Answer,
Q59_Reference_Document,
Q59_Article_Number,
Q60_Answer,
Q60_Reference_Document,
Q60_Article_Number,
Q61_Answer,
Q61_Reference_Document,
Q61_Article_Number,
Q62_Answer,
Q62_Reference_Document,
Q62_Article_Number,
Q63_Answer,
Q63_Reference_Document,
Q63_Article_Number,
Q64_Answer,
Q64_Reference_Document,
Q64_Article_Number,
Q65_Answer,
Q65_Reference_Document,
Q65_Article_Number,
Q66_Answer,
Q66_Reference_Document,
Q66_Article_Number,
Q67_Answer,
Q67_Reference_Document,
Q67_Article_Number,
Q68_Answer,
Q68_Reference_Document,
Q68_Article_Number,
Q69_Answer,
Q69_Reference_Document,
Q69_Article_Number,
Q70_Answer,
Q70_Reference_Document,
Q70_Article_Number,
Q71_Answer,
Q71_Reference_Document,
Q71_Article_Number,
Q72_Answer,
Q72_Reference_Document,
Q72_Article_Number,
Q73_Answer,
Q73_Reference_Document,
Q73_Article_Number,
Q74_Answer,
Q74_Reference_Document,
Q74_Article_Number,
Q75_Answer,
Q75_Reference_Document,
Q75_Article_Number,
Q76_Answer,
Q76_Reference_Document,
Q76_Article_Number,
Q77_Answer,
Q77_Reference_Document,
Q77_Article_Number,
Q78_Answer,
Q78_Reference_Document,
Q78_Article_Number,
Q79_Answer,
Q79_Reference_Document,
Q79_Article_Number,
Q80_Answer,
Q80_Reference_Document,
Q80_Article_Number,
Q81_Answer,
Q81_Reference_Document,
Q81_Article_Number,
Q82_Answer,
Q82_Reference_Document,
Q82_Article_Number,
Q83_Answer,
Q83_Reference_Document,
Q83_Article_Number,
Q84_Answer,
Q84_Reference_Document,
Q84_Article_Number,
Q85_Answer,
Q85_Reference_Document,
Q85_Article_Number,
Q86_Answer,
Q86_Reference_Document,
Q86_Article_Number,
Q87_Answer,
Q87_Reference_Document,
Q87_Article_Number,
Q88_Answer,
Q88_Reference_Document,
Q88_Article_Number,
Q89_Answer,
Q89_Reference_Document,
Q89_Article_Number,
Q90_Answer,
Q90_Reference_Document,
Q90_Article_Number,
Q91_Answer,
Q91_Reference_Document,
Q91_Article_Number,
Q92_Answer,
Q92_Reference_Document,
Q92_Article_Number,
Q93_Answer,
Q93_Reference_Document,
Q93_Article_Number,
Q94_Answer,
Q94_Reference_Document,
Q94_Article_Number,
Q95_Answer,
Q95_Reference_Document,
Q95_Article_Number,
Q96_Answer,
Q96_Reference_Document,
Q96_Article_Number,
Q97_Answer,
Q97_Reference_Document,
Q97_Article_Number,
Q98_Answer,
Q98_Reference_Document,
Q98_Article_Number,
Q99_Answer,
Q99_Reference_Document,
Q99_Article_Number,
Q100_Answer,
Q100_Reference_Document,
Q100_Article_Number,
Q101_Answer,
Q101_Reference_Document,
Q101_Article_Number,
Q102_Answer,
Q102_Reference_Document,
Q102_Article_Number,
Q103_Answer,
Q103_Reference_Document,
Q103_Article_Number,
Q104_Answer,
Q104_Reference_Document,
Q104_Article_Number,
Q105_Answer,
Q105_Reference_Document,
Q105_Article_Number,
Q106_Answer,
Q106_Reference_Document,
Q106_Article_Number,
Q107_Answer,
Q107_Reference_Document,
Q107_Article_Number,
Q108_Answer,
Q108_Reference_Document,
Q108_Article_Number,
Q109_Answer,
Q109_Reference_Document,
Q109_Article_Number,
Q110_Answer,
Q110_Reference_Document,
Q110_Article_Number,
Q111_Answer,
Q111_Reference_Document,
Q111_Article_Number,
Q112_Answer,
Q112_Reference_Document,
Q112_Article_Number,
Q113_Answer,
Q113_Reference_Document,
Q113_Article_Number,
Q114_Answer,
Q114_Reference_Document,
Q114_Article_Number,
Q115_Answer,
Q115_Reference_Document,
Q115_Article_Number,
Q116_Answer,
Q116_Reference_Document,
Q116_Article_Number,
Q117_Answer,
Q117_Reference_Document,
Q117_Article_Number,
Q118_Answer,
Q118_Reference_Document,
Q118_Article_Number,
Q119_Answer,
Q119_Reference_Document,
Q119_Article_Number,
Q120_Answer,
Q120_Reference_Document,
Q120_Article_Number,
Q121_Answer,
Q121_Reference_Document,
Q121_Article_Number,
Q122_Answer,
Q122_Reference_Document,
Q122_Article_Number,
Q123_Answer,
Q123_Reference_Document,
Q123_Article_Number,
Q124_Answer,
Q124_Reference_Document,
Q124_Article_Number,
Q125_Answer,
Q125_Reference_Document,
Q125_Article_Number,
Q126_Answer,
Q126_Reference_Document,
Q126_Article_Number,
Q127_Answer,
Q127_Reference_Document,
Q127_Article_Number,
Q128_Answer,
Q128_Reference_Document,
Q128_Article_Number,
Q129_Answer,
Q129_Reference_Document,
Q129_Article_Number,
Q130_Answer,
Q130_Reference_Document,
Q130_Article_Number,
Q131_Answer,
Q131_Reference_Document,
Q131_Article_Number,
Q132_Answer,
Q132_Reference_Document,
Q132_Article_Number,
Q133_Answer,
Q133_Reference_Document,
Q133_Article_Number,
Q134_Answer,
Q134_Reference_Document,
Q134_Article_Number,
Q135_Answer,
Q135_Reference_Document,
Q135_Article_Number,
Q136_Answer,
Q136_Reference_Document,
Q136_Article_Number,
Q137_Answer,
Q137_Reference_Document,
Q137_Article_Number,
Q138_Answer,
Q138_Reference_Document,
Q138_Article_Number,
Q139_Answer,
Q139_Reference_Document,
Q139_Article_Number,
Q140_Answer,
Q140_Reference_Document,
Q140_Article_Number,
Q141_Answer,
Q141_Reference_Document,
Q141_Article_Number,
Q142_Answer,
Q142_Reference_Document,
Q142_Article_Number,
Q143_Answer,
Q143_Reference_Document,
Q143_Article_Number,
Q144_Answer,
Q144_Reference_Document,
Q144_Article_Number,
Q145_Answer,
Q145_Reference_Document,
Q145_Article_Number,
Q146_Answer,
Q146_Reference_Document,
Q146_Article_Number,
Q147_Answer,
Q147_Reference_Document,
Q147_Article_Number,
Q148_Answer,
Q148_Reference_Document,
Q148_Article_Number,
Q149_Answer,
Q149_Reference_Document,
Q149_Article_Number,
Q150_Answer,
Q150_Reference_Document,
Q150_Article_Number,
Q151_Answer,
Q151_Reference_Document,
Q151_Article_Number,
Q152_Answer,
Q152_Reference_Document,
Q152_Article_Number,
Q153_Answer,
Q153_Reference_Document,
Q153_Article_Number,
Q154_Answer,
Q154_Reference_Document,
Q154_Article_Number,
Q155_Answer,
Q155_Reference_Document,
Q155_Article_Number,
Q156_Answer,
Q156_Reference_Document,
Q156_Article_Number,
Q157_Answer,
Q157_Reference_Document,
Q157_Article_Number,
Q158_Answer,
Q158_Reference_Document,
Q158_Article_Number,
Q159_Answer,
Q159_Reference_Document,
Q159_Article_Number,
Q160_Answer,
Q160_Reference_Document,
Q160_Article_Number,
Q161_Answer,
Q161_Reference_Document,
Q161_Article_Number,
Q162_Answer,
Q162_Reference_Document,
Q162_Article_Number,
Q163_Answer,
Q163_Reference_Document,
Q163_Article_Number,
Q164_Answer,
Q164_Reference_Document,
Q164_Article_Number,
Q165_Answer,
Q165_Reference_Document,
Q165_Article_Number,
Q166_Answer,
Q166_Reference_Document,
Q166_Article_Number,
Q167_Answer,
Q167_Reference_Document,
Q167_Article_Number,
Q168_Answer,
Q168_Reference_Document,
Q168_Article_Number,
Q169_Answer,
Q169_Reference_Document,
Q169_Article_Number,
Q170_Answer,
Q170_Reference_Document,
Q170_Article_Number,
Q171_Answer,
Q171_Reference_Document,
Q171_Article_Number,
Q172_Answer,
Q172_Reference_Document,
Q172_Article_Number,
Q173_Answer,
Q173_Reference_Document,
Q173_Article_Number,
Q174_Answer,
Q174_Reference_Document,
Q174_Article_Number,
Q175_Answer,
Q175_Reference_Document,
Q175_Article_Number,
Q176_Answer,
Q176_Reference_Document,
Q176_Article_Number,
Q177_Answer,
Q177_Reference_Document,
Q177_Article_Number,
Q178_Answer,
Q178_Reference_Document,
Q178_Article_Number,
Q179_Answer,
Q179_Reference_Document,
Q179_Article_Number,
Q180_Answer,
Q180_Reference_Document,
Q180_Article_Number,
Q181_Answer,
Q181_Reference_Document,
Q181_Article_Number,
Q182_Answer,
Q182_Reference_Document,
Q182_Article_Number,
Q183_Answer,
Q183_Reference_Document,
Q183_Article_Number,
Q184_Answer,
Q184_Reference_Document,
Q184_Article_Number,
Q185_Answer,
Q185_Reference_Document,
Q185_Article_Number,
Q186_Answer,
Q186_Reference_Document,
Q186_Article_Number,
Q187_Answer,
Q187_Reference_Document,
Q187_Article_Number,
Q188_Answer,
Q188_Reference_Document,
Q188_Article_Number,
Q189_Answer,
Q189_Reference_Document,
Q189_Article_Number,
Q190_Answer,
Q190_Reference_Document,
Q190_Article_Number,
Q191_Answer,
Q191_Reference_Document,
Q191_Article_Number,
Q192_Answer,
Q192_Reference_Document,
Q192_Article_Number,
Q193_Answer,
Q193_Reference_Document,
Q193_Article_Number,
Q194_Answer,
Q194_Reference_Document,
Q194_Article_Number,
Q195_Answer,
Q195_Reference_Document,
Q195_Article_Number,
Q196_Answer,
Q196_Reference_Document,
Q196_Article_Number,
Q197_Answer,
Q197_Reference_Document,
Q197_Article_Number,
Q198_Answer,
Q198_Reference_Document,
Q198_Article_Number,
Q199_Answer,
Q199_Reference_Document,
Q199_Article_Number,
Q200_Answer,
Q200_Reference_Document,
Q200_Article_Number,
Q201_Answer,
Q201_Reference_Document,
Q201_Article_Number,
Q202_Answer,
Q202_Reference_Document,
Q202_Article_Number,
Q203_Answer,
Q203_Reference_Document,
Q203_Article_Number,
Q204_Answer,
Q204_Reference_Document,
Q204_Article_Number,
Q205_Answer,
Q205_Reference_Document,
Q205_Article_Number,
Q206_Answer,
Q206_Reference_Document,
Q206_Article_Number,
Q207_Answer,
Q207_Reference_Document,
Q207_Article_Number,
Q208_Answer,
Q208_Reference_Document,
Q208_Article_Number,
Q209_Answer,
Q209_Reference_Document,
Q209_Article_Number,
Q210_Answer,
Q210_Reference_Document,
Q210_Article_Number,
Q211_Answer,
Q211_Reference_Document,
Q211_Article_Number,
Q212_Answer,
Q212_Reference_Document,
Q212_Article_Number,
Q213_Answer,
Q213_Reference_Document,
Q213_Article_Number,
Q214_Answer,
Q214_Reference_Document,
Q214_Article_Number,
Q215_Answer,
Q215_Reference_Document,
Q215_Article_Number,
Q216_Answer,
Q216_Reference_Document,
Q216_Article_Number,
Q217_Answer,
Q217_Reference_Document,
Q217_Article_Number,
Q218_Answer,
Q218_Reference_Document,
Q218_Article_Number,
Q219_Answer,
Q219_Reference_Document,
Q219_Article_Number,
Q220_Answer,
Q220_Reference_Document,
Q220_Article_Number,
Q221_Answer,
Q221_Reference_Document,
Q221_Article_Number,
Q222_Answer,
Q222_Reference_Document,
Q222_Article_Number,
Q223_Answer,
Q223_Reference_Document,
Q223_Article_Number,
Q224_Answer,
Q224_Reference_Document,
Q224_Article_Number,
Q225_Answer,
Q225_Reference_Document,
Q225_Article_Number,
Q226_Answer,
Q226_Reference_Document,
Q226_Article_Number,
Q227_Answer,
Q227_Reference_Document,
Q227_Article_Number,
Q228_Answer,
Q228_Reference_Document,
Q228_Article_Number,
Q229_Answer,
Q229_Reference_Document,
Q229_Article_Number,
Q230_Answer,
Q230_Reference_Document,
Q230_Article_Number,
Q231_Answer,
Q231_Reference_Document,
Q231_Article_Number,
Q232_Answer,
Q232_Reference_Document,
Q232_Article_Number,
Q233_Answer,
Q233_Reference_Document,
Q233_Article_Number,
Q234_Answer,
Q234_Reference_Document,
Q234_Article_Number,
Q235_Answer,
Q235_Reference_Document,
Q235_Article_Number,
Q236_Answer,
Q236_Reference_Document,
Q236_Article_Number,
Q237_Answer,
Q237_Reference_Document,
Q237_Article_Number,
Q238_Answer,
Q238_Reference_Document,
Q238_Article_Number,
Q239_Answer,
Q239_Reference_Document,
Q239_Article_Number,
Q240_Answer,
Q240_Reference_Document,
Q240_Article_Number,
Q241_Answer,
Q241_Reference_Document,
Q241_Article_Number,
Q242_Answer,
Q242_Reference_Document,
Q242_Article_Number,
Q243_Answer,
Q243_Reference_Document,
Q243_Article_Number,
Q244_Answer,
Q244_Reference_Document,
Q244_Article_Number,
Q245_Answer,
Q245_Reference_Document,
Q245_Article_Number,
Q246_Answer,
Q246_Reference_Document,
Q246_Article_Number,
Q247_Answer,
Q247_Reference_Document,
Q247_Article_Number,
Q248_Answer,
Q248_Reference_Document,
Q248_Article_Number,
Q249_Answer,
Q249_Reference_Document,
Q249_Article_Number,
Q250_Answer,
Q250_Reference_Document,
Q250_Article_Number,
Q251_Answer,
Q251_Reference_Document,
Q251_Article_Number,
Q252_Answer,
Q252_Reference_Document,
Q252_Article_Number,
Q253_Answer,
Q253_Reference_Document,
Q253_Article_Number,
Q254_Answer,
Q254_Reference_Document,
Q254_Article_Number,
Q255_Answer,
Q255_Reference_Document,
Q255_Article_Number,
Q256_Answer,
Q256_Reference_Document,
Q256_Article_Number,
Q257_Answer,
Q257_Reference_Document,
Q257_Article_Number,
Q258_Answer,
Q258_Reference_Document,
Q258_Article_Number,
Q259_Answer,
Q259_Reference_Document,
Q259_Article_Number,
Q260_Answer,
Q260_Reference_Document,
Q260_Article_Number,
Q261_Answer,
Q261_Reference_Document,
Q261_Article_Number,
Q262_Answer,
Q262_Reference_Document,
Q262_Article_Number,
Q263_Answer,
Q263_Reference_Document,
Q263_Article_Number,
Q264_Answer,
Q264_Reference_Document,
Q264_Article_Number,
Q265_Answer,
Q265_Reference_Document,
Q265_Article_Number,
Q266_Answer,
Q266_Reference_Document,
Q266_Article_Number,
Q267_Answer,
Q267_Reference_Document,
Q267_Article_Number,
Q268_Answer,
Q268_Reference_Document,
Q268_Article_Number,
Q269_Answer,
Q269_Reference_Document,
Q269_Article_Number,
Q270_Answer,
Q270_Reference_Document,
Q270_Article_Number,
Q271_Answer,
Q271_Reference_Document,
Q271_Article_Number,
Q272_Answer,
Q272_Reference_Document,
Q272_Article_Number,
Q273_Answer,
Q273_Reference_Document,
Q273_Article_Number,
Q274_Answer,
Q274_Reference_Document,
Q274_Article_Number,
Q275_Answer,
Q275_Reference_Document,
Q275_Article_Number,
Q276_Answer,
Q276_Reference_Document,
Q276_Article_Number,
Q277_Answer,
Q277_Reference_Document,
Q277_Article_Number,
Q278_Answer,
Q278_Reference_Document,
Q278_Article_Number,
Q279_Answer,
Q279_Reference_Document,
Q279_Article_Number,
Q280_Answer,
Q280_Reference_Document,
Q280_Article_Number,
Q281_Answer,
Q281_Reference_Document,
Q281_Article_Number,
Q282_Answer,
Q282_Reference_Document,
Q282_Article_Number,
Q283_Answer,
Q283_Reference_Document,
Q283_Article_Number,
Q284_Answer,
Q284_Reference_Document,
Q284_Article_Number,
Q285_Answer,
Q285_Reference_Document,
Q285_Article_Number,
Q286_Answer,
Q286_Reference_Document,
Q286_Article_Number,
Q287_Answer,
Q287_Reference_Document,
Q287_Article_Number,
Q288_Answer,
Q288_Reference_Document,
Q288_Article_Number,
Q289_Answer,
Q289_Reference_Document,
Q289_Article_Number,
Q290_Answer,
Q290_Reference_Document,
Q290_Article_Number,
Q291_Answer,
Q291_Reference_Document,
Q291_Article_Number,
Q292_Answer,
Q292_Reference_Document,
Q292_Article_Number,
Q293_Answer,
Q293_Reference_Document,
Q293_Article_Number,
Q294_Answer,
Q294_Reference_Document,
Q294_Article_Number,
Q295_Answer,
Q295_Reference_Document,
Q295_Article_Number,
Q296_Answer,
Q296_Reference_Document,
Q296_Article_Number,
Q297_Answer,
Q297_Reference_Document,
Q297_Article_Number,
Q298_Answer,
Q298_Reference_Document,
Q298_Article_Number,
Q299_Answer,
Q299_Reference_Document,
Q299_Article_Number,
Q300_Answer,
Q300_Reference_Document,
Q300_Article_Number,
Q301_Answer,
Q301_Reference_Document,
Q301_Article_Number,
Q302_Answer,
Q302_Reference_Document,
Q302_Article_Number,
Q303_Answer,
Q303_Reference_Document,
Q303_Article_Number,
Q304_Answer,
Q304_Reference_Document,
Q304_Article_Number,
Q305_Answer,
Q305_Reference_Document,
Q305_Article_Number,
Q306_Answer,
Q306_Reference_Document,
Q306_Article_Number,
Q307_Answer,
Q307_Reference_Document,
Q307_Article_Number,
Q308_Answer,
Q308_Reference_Document,
Q308_Article_Number,
Q309_Answer,
Q309_Reference_Document,
Q309_Article_Number,
Q310_Answer,
Q310_Reference_Document,
Q310_Article_Number,
Q311_Answer,
Q311_Reference_Document,
Q311_Article_Number,
Q312_Answer,
Q312_Reference_Document,
Q312_Article_Number,
Q313_Answer,
Q313_Reference_Document,
Q313_Article_Number,
Q314_Answer,
Q314_Reference_Document,
Q314_Article_Number,
Q315_Answer,
Q315_Reference_Document,
Q315_Article_Number,
Q316_Answer,
Q316_Reference_Document,
Q316_Article_Number,
Q317_Answer,
Q317_Reference_Document,
Q317_Article_Number,
Q318_Answer,
Q318_Reference_Document,
Q318_Article_Number,
Q319_Answer,
Q319_Reference_Document,
Q319_Article_Number,
Q320_Answer,
Q320_Reference_Document,
Q320_Article_Number,
Q321_Answer,
Q321_Reference_Document,
Q321_Article_Number,
Q322_Answer,
Q322_Reference_Document,
Q322_Article_Number,
Q323_Answer,
Q323_Reference_Document,
Q323_Article_Number,
Q324_Answer,
Q324_Reference_Document,
Q324_Article_Number,
Q325_Answer,
Q325_Reference_Document,
Q325_Article_Number,
Q326_Answer,
Q326_Reference_Document,
Q326_Article_Number,
Q327_Answer,
Q327_Reference_Document,
Q327_Article_Number,
Q328_Answer,
Q328_Reference_Document,
Q328_Article_Number,
Q329_Answer,
Q329_Reference_Document,
Q329_Article_Number,
Q330_Answer,
Q330_Reference_Document,
Q330_Article_Number,
Q331_Answer,
Q331_Reference_Document,
Q331_Article_Number,
Q332_Answer,
Q332_Reference_Document,
Q332_Article_Number,
Q333_Answer,
Q333_Reference_Document,
Q333_Article_Number,
Q334_Answer,
Q334_Reference_Document,
Q334_Article_Number,
Q335_Answer,
Q335_Reference_Document,
Q335_Article_Number,
Q336_Answer,
Q336_Reference_Document,
Q336_Article_Number,
Q337_Answer,
Q337_Reference_Document,
Q337_Article_Number,
Q338_Answer,
Q338_Reference_Document,
Q338_Article_Number,
Q339_Answer,
Q339_Reference_Document,
Q339_Article_Number,
Q340_Answer,
Q340_Reference_Document,
Q340_Article_Number,
Q341_Answer,
Q341_Reference_Document,
Q341_Article_Number,
Q342_Answer,
Q342_Reference_Document,
Q342_Article_Number,
Q343_Answer,
Q343_Reference_Document,
Q343_Article_Number,
Q344_Answer,
Q344_Reference_Document,
Q344_Article_Number,
Q345_Answer,
Q345_Reference_Document,
Q345_Article_Number,
Q346_Answer,
Q346_Reference_Document,
Q346_Article_Number,
Q347_Answer,
Q347_Reference_Document,
Q347_Article_Number,
Q348_Answer,
Q348_Reference_Document,
Q348_Article_Number,
Q349_Answer,
Q349_Reference_Document,
Q349_Article_Number,
Q350_Answer,
Q350_Reference_Document,
Q350_Article_Number,
Q351_Answer,
Q351_Reference_Document,
Q351_Article_Number,
Q352_Answer,
Q352_Reference_Document,
Q352_Article_Number,
Q353_Answer,
Q353_Reference_Document,
Q353_Article_Number,
Q354_Answer,
Q354_Reference_Document,
Q354_Article_Number,
Q355_Answer,
Q355_Reference_Document,
Q355_Article_Number,
Q356_Answer,
Q356_Reference_Document,
Q356_Article_Number,
Q357_Answer,
Q357_Reference_Document,
Q357_Article_Number,
Q358_Answer,
Q358_Reference_Document,
Q358_Article_Number,
Q359_Answer,
Q359_Reference_Document,
Q359_Article_Number,
Q360_Answer,
Q360_Reference_Document,
Q360_Article_Number,
Q361_Answer,
Q361_Reference_Document,
Q361_Article_Number,
Q362_Answer,
Q362_Reference_Document,
Q362_Article_Number,
Q363_Answer,
Q363_Reference_Document,
Q363_Article_Number,
Q364_Answer,
Q364_Reference_Document,
Q364_Article_Number,
Q365_Answer,
Q365_Reference_Document,
Q365_Article_Number,
Q366_Answer,
Q366_Reference_Document,
Q366_Article_Number,
Q367_Answer,
Q367_Reference_Document,
Q367_Article_Number,
Q368_Answer,
Q368_Reference_Document,
Q368_Article_Number,
Q369_Answer,
Q369_Reference_Document,
Q369_Article_Number,
Q370_Answer,
Q370_Reference_Document,
Q370_Article_Number,
Q371_Answer,
Q371_Reference_Document,
Q371_Article_Number,
Q372_Answer,
Q372_Reference_Document,
Q372_Article_Number,
Q373_Answer,
Q373_Reference_Document,
Q373_Article_Number,
Q374_Answer,
Q374_Reference_Document,
Q374_Article_Number,
Q375_Answer,
Q375_Reference_Document,
Q375_Article_Number,
Q376_Answer,
Q376_Reference_Document,
Q376_Article_Number,
Q377_Answer,
Q377_Reference_Document,
Q377_Article_Number,
Q378_Answer,
Q378_Reference_Document,
Q378_Article_Number,
Q379_Answer,
Q379_Reference_Document,
Q379_Article_Number,
Q380_Answer,
Q380_Reference_Document,
Q380_Article_Number,
Q381_Answer,
Q381_Reference_Document,
Q381_Article_Number,
Q382_Answer,
Q382_Reference_Document,
Q382_Article_Number,
Q383_Answer,
Q383_Reference_Document,
Q383_Article_Number,
Q384_Answer,
Q384_Reference_Document,
Q384_Article_Number,
Q385_Answer,
Q385_Reference_Document,
Q385_Article_Number,
Q386_Answer,
Q386_Reference_Document,
Q386_Article_Number,
Q387_Answer,
Q387_Reference_Document,
Q387_Article_Number,
Q388_Answer,
Q388_Reference_Document,
Q388_Article_Number,
Q389_Answer,
Q389_Reference_Document,
Q389_Article_Number,
Q390_Answer,
Q390_Reference_Document,
Q390_Article_Number,
Q391_Answer,
Q391_Reference_Document,
Q391_Article_Number,
Q392_Answer,
Q392_Reference_Document,
Q392_Article_Number,
Q393_Answer,
Q393_Reference_Document,
Q393_Article_Number,
Q394_Answer,
Q394_Reference_Document,
Q394_Article_Number,
Q395_Answer,
Q395_Reference_Document,
Q395_Article_Number,
Q396_Answer,
Q396_Reference_Document,
Q396_Article_Number,
Q397_Answer,
Q397_Reference_Document,
Q397_Article_Number,
Q398_Answer,
Q398_Reference_Document,
Q398_Article_Number,
Q399_Answer,
Q399_Reference_Document,
Q399_Article_Number,
Q400_Answer,
Q400_Reference_Document,
Q400_Article_Number,
Q401_Answer,
Q401_Reference_Document,
Q401_Article_Number,
Q402_Answer,
Q402_Reference_Document,
Q402_Article_Number,
Q403_Answer,
Q403_Reference_Document,
Q403_Article_Number,
Q404_Answer,
Q404_Reference_Document,
Q404_Article_Number,
Q405_Answer,
Q405_Reference_Document,
Q405_Article_Number,
Q406_Answer,
Q406_Reference_Document,
Q406_Article_Number,
Q407_Answer,
Q407_Reference_Document,
Q407_Article_Number,
Q408_Answer,
Q408_Reference_Document,
Q408_Article_Number,
Q409_Answer,
Q409_Reference_Document,
Q409_Article_Number,
Q410_Answer,
Q410_Reference_Document,
Q410_Article_Number,
Q411_Answer,
Q411_Reference_Document,
Q411_Article_Number,
Q412_Answer,
Q412_Reference_Document,
Q412_Article_Number,
Q413_Answer,
Q413_Reference_Document,
Q413_Article_Number,
Q414_Answer,
Q414_Reference_Document,
Q414_Article_Number,
Q415_Answer,
Q415_Reference_Document,
Q415_Article_Number,
Q416_Answer,
Q416_Reference_Document,
Q416_Article_Number,
Q417_Answer,
Q417_Reference_Document,
Q417_Article_Number,
Q418_Answer,
Q418_Reference_Document,
Q418_Article_Number,
Q419_Answer,
Q419_Reference_Document,
Q419_Article_Number,
Q420_Answer,
Q420_Reference_Document,
Q420_Article_Number,
Q421_Answer,
Q421_Reference_Document,
Q421_Article_Number,
Q422_Answer,
Q422_Reference_Document,
Q422_Article_Number,
Q423_Answer,
Q423_Reference_Document,
Q423_Article_Number,
Q424_Answer,
Q424_Reference_Document,
Q424_Article_Number,
Q425_Answer,
Q425_Reference_Document,
Q425_Article_Number,
Q426_Answer,
Q426_Reference_Document,
Q426_Article_Number,
Q427_Answer,
Q427_Reference_Document,
Q427_Article_Number,
Q428_Answer,
Q428_Reference_Document,
Q428_Article_Number,
Q429_Answer,
Q429_Reference_Document,
Q429_Article_Number,
Q430_Answer,
Q430_Reference_Document,
Q430_Article_Number,
Q431_Answer,
Q431_Reference_Document,
Q431_Article_Number,
Q432_Answer,
Q432_Reference_Document,
Q432_Article_Number,
Q433_Answer,
Q433_Reference_Document,
Q433_Article_Number,
Q434_Answer,
Q434_Reference_Document,
Q434_Article_Number,
Q435_Answer,
Q435_Reference_Document,
Q435_Article_Number,
Q436_Answer,
Q436_Reference_Document,
Q436_Article_Number,
Q437_Answer,
Q437_Reference_Document,
Q437_Article_Number,
Q438_Answer,
Q438_Reference_Document,
Q438_Article_Number,
Q439_Answer,
Q439_Reference_Document,
Q439_Article_Number,
Q440_Answer,
Q440_Reference_Document,
Q440_Article_Number,
Q441_Answer,
Q441_Reference_Document,
Q441_Article_Number,
Q442_Answer,
Q442_Reference_Document,
Q442_Article_Number,
Q443_Answer,
Q443_Reference_Document,
Q443_Article_Number,
Q444_Answer,
Q444_Reference_Document,
Q444_Article_Number,
Q445_Answer,
Q445_Reference_Document,
Q445_Article_Number,
Q446_Answer,
Q446_Reference_Document,
Q446_Article_Number,
Q447_Answer,
Q447_Reference_Document,
Q447_Article_Number,
Q448_Answer,
Q448_Reference_Document,
Q448_Article_Number,
Q449_Answer,
Q449_Reference_Document,
Q449_Article_Number,
Q450_Answer,
Q450_Reference_Document,
Q450_Article_Number,
Q451_Answer,
Q451_Reference_Document,
Q451_Article_Number,
Q452_Answer,
Q452_Reference_Document,
Q452_Article_Number,
Q453_Answer,
Q453_Reference_Document,
Q453_Article_Number,
Q454_Answer,
Q454_Reference_Document,
Q454_Article_Number,
Q455_Answer,
Q455_Reference_Document,
Q455_Article_Number,
Q456_Answer,
Q456_Reference_Document,
Q456_Article_Number,
Q457_Answer,
Q457_Reference_Document,
Q457_Article_Number,
Q458_Answer,
Q458_Reference_Document,
Q458_Article_Number,
Q459_Answer,
Q459_Reference_Document,
Q459_Article_Number,
Q460_Answer,
Q460_Reference_Document,
Q460_Article_Number,
Q461_Answer,
Q461_Reference_Document,
Q461_Article_Number,
Q462_Answer,
Q462_Reference_Document,
Q462_Article_Number,
Q463_Answer,
Q463_Reference_Document,
Q463_Article_Number,
Q464_Answer,
Q464_Reference_Document,
Q464_Article_Number,
Q465_Answer,
Q465_Reference_Document,
Q465_Article_Number,
Q466_Answer,
Q466_Reference_Document,
Q466_Article_Number,
Q467_Answer,
Q467_Reference_Document,
Q467_Article_Number,
Q468_Answer,
Q468_Reference_Document,
Q468_Article_Number,
Q469_Answer,
Q469_Reference_Document,
Q469_Article_Number,
Q470_Answer,
Q470_Reference_Document,
Q470_Article_Number,
Q471_Answer,
Q471_Reference_Document,
Q471_Article_Number,
Q472_Answer,
Q472_Reference_Document,
Q472_Article_Number,
Q473_Answer,
Q473_Reference_Document,
Q473_Article_Number,
Q474_Answer,
Q474_Reference_Document,
Q474_Article_Number,
Q475_Answer,
Q475_Reference_Document,
Q475_Article_Number,
Q476_Answer,
Q476_Reference_Document,
Q476_Article_Number,
Q477_Answer,
Q477_Reference_Document,
Q477_Article_Number,
Q478_Answer,
Q478_Reference_Document,
Q478_Article_Number,
Q479_Answer,
Q479_Reference_Document,
Q479_Article_Number,
Q480_Answer,
Q480_Reference_Document,
Q480_Article_Number,
Q481_Answer,
Q481_Reference_Document,
Q481_Article_Number,
Q482_Answer,
Q482_Reference_Document,
Q482_Article_Number,
Q483_Answer,
Q483_Reference_Document,
Q483_Article_Number,
Q484_Answer,
Q484_Reference_Document,
Q484_Article_Number,
Q485_Answer,
Q485_Reference_Document,
Q485_Article_Number,
Q486_Answer,
Q486_Reference_Document,
Q486_Article_Number,
Q487_Answer,
Q487_Reference_Document,
Q487_Article_Number,
Q488_Answer,
Q488_Reference_Document,
Q488_Article_Number,
Q489_Answer,
Q489_Reference_Document,
Q489_Article_Number,
Q490_Answer,
Q490_Reference_Document,
Q490_Article_Number,
Q491_Answer,
Q491_Reference_Document,
Q491_Article_Number,
Q492_Answer,
Q492_Reference_Document,
Q492_Article_Number,
Q493_Answer,
Q493_Reference_Document,
Q493_Article_Number,
Q494_Answer,
Q494_Reference_Document,
Q494_Article_Number,
Q495_Answer,
Q495_Reference_Document,
Q495_Article_Number,
Q496_Answer,
Q496_Reference_Document,
Q496_Article_Number,
Q497_Answer,
Q497_Reference_Document,
Q497_Article_Number,
Q498_Answer,
Q498_Reference_Document,
Q498_Article_Number,
Q499_Answer,
Q499_Reference_Document,
Q499_Article_Number,
Q500_Answer,
Q500_Reference_Document,
Q500_Article_Number,
Q501_Answer,
Q501_Reference_Document,
Q501_Article_Number,
Q502_Answer,
Q502_Reference_Document,
Q502_Article_Number,
Q503_Answer,
Q503_Reference_Document,
Q503_Article_Number,
Q504_Answer,
Q504_Reference_Document,
Q504_Article_Number,
Q505_Answer,
Q505_Reference_Document,
Q505_Article_Number,
Q506_Answer,
Q506_Reference_Document,
Q506_Article_Number,
Q507_Answer,
Q507_Reference_Document,
Q507_Article_Number,
Q508_Answer,
Q508_Reference_Document,
Q508_Article_Number,
Q509_Answer,
Q509_Reference_Document,
Q509_Article_Number,
Q510_Answer,
Q510_Reference_Document,
Q510_Article_Number,
Q511_Answer,
Q511_Reference_Document,
Q511_Article_Number,
Q512_Answer,
Q512_Reference_Document,
Q512_Article_Number,
Q513_Answer,
Q513_Reference_Document,
Q513_Article_Number,
Q514_Answer,
Q514_Reference_Document,
Q514_Article_Number,
Q515_Answer,
Q515_Reference_Document,
Q515_Article_Number,
Q516_Answer,
Q516_Reference_Document,
Q516_Article_Number,
Q517_Answer,
Q517_Reference_Document,
Q517_Article_Number,
Q518_Answer,
Q518_Reference_Document,
Q518_Article_Number,
Q519_Answer,
Q519_Reference_Document,
Q519_Article_Number,
Q520_Answer,
Q520_Reference_Document,
Q520_Article_Number,
Q521_Answer,
Q521_Reference_Document,
Q521_Article_Number,
Q522_Answer,
Q522_Reference_Document,
Q522_Article_Number,
Q523_Answer,
Q523_Reference_Document,
Q523_Article_Number,
Q524_Answer,
Q524_Reference_Document,
Q524_Article_Number,
Q525_Answer,
Q525_Reference_Document,
Q525_Article_Number,
Q526_Answer,
Q526_Reference_Document,
Q526_Article_Number,
Q527_Answer,
Q527_Reference_Document,
Q527_Article_Number,
Q528_Answer,
Q528_Reference_Document,
Q528_Article_Number,
Q529_Answer,
Q529_Reference_Document,
Q529_Article_Number,
Q530_Answer,
Q530_Reference_Document,
Q530_Article_Number,
Q531_Answer,
Q531_Reference_Document,
Q531_Article_Number,
Q532_Answer,
Q532_Reference_Document,
Q532_Article_Number,
Q533_Answer,
Q533_Reference_Document,
Q533_Article_Number,
Q534_Answer,
Q534_Reference_Document,
Q534_Article_Number,
Q535_Answer,
Q535_Reference_Document,
Q535_Article_Number,
Q536_Answer,
Q536_Reference_Document,
Q536_Article_Number,
Q537_Answer,
Q537_Reference_Document,
Q537_Article_Number,
Q538_Answer,
Q538_Reference_Document,
Q538_Article_Number,
Q539_Answer,
Q539_Reference_Document,
Q539_Article_Number,
Q540_Answer,
Q540_Reference_Document,
Q540_Article_Number,
Q541_Answer,
Q541_Reference_Document,
Q541_Article_Number,
Q542_Answer,
Q542_Reference_Document,
Q542_Article_Number,
Q543_Answer,
Q543_Reference_Document,
Q543_Article_Number,
Q544_Answer,
Q544_Reference_Document,
Q544_Article_Number,
Q545_Answer,
Q545_Reference_Document,
Q545_Article_Number,
Q546_Answer,
Q546_Reference_Document,
Q546_Article_Number,
Q547_Answer,
Q547_Reference_Document,
Q547_Article_Number,
Q548_Answer,
Q548_Reference_Document,
Q548_Article_Number,
Q549_Answer,
Q549_Reference_Document,
Q549_Article_Number,
Q550_Answer,
Q550_Reference_Document,
Q550_Article_Number,
Q551_Answer,
Q551_Reference_Document,
Q551_Article_Number,
Q552_Answer,
Q552_Reference_Document,
Q552_Article_Number,
Q553_Answer,
Q553_Reference_Document,
Q553_Article_Number,
Q554_Answer,
Q554_Reference_Document,
Q554_Article_Number,
Q555_Answer,
Q555_Reference_Document,
Q555_Article_Number,
Q556_Answer,
Q556_Reference_Document,
Q556_Article_Number,
Q557_Answer,
Q557_Reference_Document,
Q557_Article_Number,
Q558_Answer,
Q558_Reference_Document,
Q558_Article_Number,
Q559_Answer,
Q559_Reference_Document,
Q559_Article_Number,
Q560_Answer,
Q560_Reference_Document,
Q560_Article_Number,
Q561_Answer,
Q561_Reference_Document,
Q561_Article_Number,
Q562_Answer,
Q562_Reference_Document,
Q562_Article_Number,
Q563_Answer,
Q563_Reference_Document,
Q563_Article_Number,
Q564_Answer,
Q564_Reference_Document,
Q564_Article_Number,
Q565_Answer,
Q565_Reference_Document,
Q565_Article_Number,
Q566_Answer,
Q566_Reference_Document,
Q566_Article_Number,
Q567_Answer,
Q567_Reference_Document,
Q567_Article_Number,
Q568_Answer,
Q568_Reference_Document,
Q568_Article_Number,
Q569_Answer,
Q569_Reference_Document,
Q569_Article_Number,
Q570_Answer,
Q570_Reference_Document,
Q570_Article_Number,
Q571_Answer,
Q571_Reference_Document,
Q571_Article_Number,
Q572_Answer,
Q572_Reference_Document,
Q572_Article_Number,
Q573_Answer,
Q573_Reference_Document,
Q573_Article_Number,
Q574_Answer,
Q574_Reference_Document,
Q574_Article_Number,
Q575_Answer,
Q575_Reference_Document,
Q575_Article_Number,
Q576_Answer,
Q576_Reference_Document,
Q576_Article_Number,
Q577_Answer,
Q577_Reference_Document,
Q577_Article_Number,
Q578_Answer,
Q578_Reference_Document,
Q578_Article_Number,
Q579_Answer,
Q579_Reference_Document,
Q579_Article_Number,
Q580_Answer,
Q580_Reference_Document,
Q580_Article_Number,
Q581_Answer,
Q581_Reference_Document,
Q581_Article_Number,
Q582_Answer,
Q582_Reference_Document,
Q582_Article_Number,
Q583_Answer,
Q583_Reference_Document,
Q583_Article_Number,
Q584_Answer,
Q584_Reference_Document,
Q584_Article_Number,
Q585_Answer,
Q585_Reference_Document,
Q585_Article_Number,
Q586_Answer,
Q586_Reference_Document,
Q586_Article_Number,
Q587_Answer,
Q587_Reference_Document,
Q587_Article_Number,
Q588_Answer,
Q588_Reference_Document,
Q588_Article_Number,
Q589_Answer,
Q589_Reference_Document,
Q589_Article_Number,
Q590_Answer,
Q590_Reference_Document,
Q590_Article_Number,
Q591_Answer,
Q591_Reference_Document,
Q591_Article_Number,
Q592_Answer,
Q592_Reference_Document,
Q592_Article_Number,
Q593_Answer,
Q593_Reference_Document,
Q593_Article_Number,
Q594_Answer,
Q594_Reference_Document,
Q594_Article_Number,
Q595_Answer,
Q595_Reference_Document,
Q595_Article_Number,
Q596_Answer,
Q596_Reference_Document,
Q596_Article_Number,
Q597_Answer,
Q597_Reference_Document,
Q597_Article_Number,
Q598_Answer,
Q598_Reference_Document,
Q598_Article_Number,
Q599_Answer,
Q599_Reference_Document,
Q599_Article_Number,
Q600_Answer,
Q600_Reference_Document,
Q600_Article_Number,
Q601_Answer,
Q601_Reference_Document,
Q601_Article_Number,
Q602_Answer,
Q602_Reference_Document,
Q602_Article_Number,
Q603_Answer,
Q603_Reference_Document,
Q603_Article_Number,
Q604_Answer,
Q604_Reference_Document,
Q604_Article_Number,
Q605_Answer,
Q605_Reference_Document,
Q605_Article_Number,
Q606_Answer,
Q606_Reference_Document,
Q606_Article_Number,
Q607_Answer,
Q607_Reference_Document,
Q607_Article_Number,
Q608_Answer,
Q608_Reference_Document,
Q608_Article_Number,
Q609_Answer,
Q609_Reference_Document,
Q609_Article_Number,
Q610_Answer,
Q610_Reference_Document,
Q610_Article_Number,
Q611_Answer,
Q611_Reference_Document,
Q611_Article_Number,
Q612_Answer,
Q612_Reference_Document,
Q612_Article_Number,
Q613_Answer,
Q613_Reference_Document,
Q613_Article_Number,
Q614_Answer,
Q614_Reference_Document,
Q614_Article_Number,
Q615_Answer,
Q615_Reference_Document,
Q615_Article_Number,
Q616_Answer,
Q616_Reference_Document,
Q616_Article_Number,
Q617_Answer,
Q617_Reference_Document,
Q617_Article_Number,
Q618_Answer,
Q618_Reference_Document,
Q618_Article_Number,
Q619_Answer,
Q619_Reference_Document,
Q619_Article_Number,
Q620_Answer,
Q620_Reference_Document,
Q620_Article_Number,
Q621_Answer,
Q621_Reference_Document,
Q621_Article_Number,
Q622_Answer,
Q622_Reference_Document,
Q622_Article_Number,
Q623_Answer,
Q623_Reference_Document,
Q623_Article_Number,
Q624_Answer,
Q624_Reference_Document,
Q624_Article_Number,
Q625_Answer,
Q625_Reference_Document,
Q625_Article_Number,
Q626_Answer,
Q626_Reference_Document,
Q626_Article_Number,
Q627_Answer,
Q627_Reference_Document,
Q627_Article_Number,
Q628_Answer,
Q628_Reference_Document,
Q628_Article_Number,
Q629_Answer,
Q629_Reference_Document,
Q629_Article_Number,
Q630_Answer,
Q630_Reference_Document,
Q630_Article_Number,
Q631_Answer,
Q631_Reference_Document,
Q631_Article_Number,
Q632_Answer,
Q632_Reference_Document,
Q632_Article_Number,
Q633_Answer,
Q633_Reference_Document,
Q633_Article_Number,
Q634_Answer,
Q634_Reference_Document,
Q634_Article_Number,
Q635_Answer,
Q635_Reference_Document,
Q635_Article_Number,
Q636_Answer,
Q636_Reference_Document,
Q636_Article_Number,
Q637_Answer,
Q637_Reference_Document,
Q637_Article_Number,
Q638_Answer,
Q638_Reference_Document,
Q638_Article_Number,
Q639_Answer,
Q639_Reference_Document,
Q639_Article_Number,
Q640_Answer,
Q640_Reference_Document,
Q640_Article_Number,
Q641_Answer,
Q641_Reference_Document,
Q641_Article_Number,
Q642_Answer,
Q642_Reference_Document,
Q642_Article_Number,
Q643_Answer,
Q643_Reference_Document,
Q643_Article_Number,
Q644_Answer,
Q644_Reference_Document,
Q644_Article_Number,
Q645_Answer,
Q645_Reference_Document,
Q645_Article_Number,
Q646_Answer,
Q646_Reference_Document,
Q646_Article_Number,
Q647_Answer,
Q647_Reference_Document,
Q647_Article_Number,
Q648_Answer,
Q648_Reference_Document,
Q648_Article_Number,
Q649_Answer,
Q649_Reference_Document,
Q649_Article_Number,
Q650_Answer,
Q650_Reference_Document,
Q650_Article_Number,
Q651_Answer,
Q651_Reference_Document,
Q651_Article_Number,
Q652_Answer,
Q652_Reference_Document,
Q652_Article_Number,
Q653_Answer,
Q653_Reference_Document,
Q653_Article_Number,
Q654_Answer,
Q654_Reference_Document,
Q654_Article_Number,
Q655_Answer,
Q655_Reference_Document,
Q655_Article_Number,
Q656_Answer,
Q656_Reference_Document,
Q656_Article_Number,
Q657_Answer,
Q657_Reference_Document,
Q657_Article_Number,
Q658_Answer,
Q658_Reference_Document,
Q658_Article_Number,
Q659_Answer,
Q659_Reference_Document,
Q659_Article_Number,
Q660_Answer,
Q660_Reference_Document,
Q660_Article_Number,
Q661_Answer,
Q661_Reference_Document,
Q661_Article_Number,
Q662_Answer,
Q662_Reference_Document,
Q662_Article_Number,
Q663_Answer,
Q663_Reference_Document,
Q663_Article_Number,
Q664_Answer,
Q664_Reference_Document,
Q664_Article_Number,
Q665_Answer,
Q665_Reference_Document,
Q665_Article_Number,
Q666_Answer,
Q666_Reference_Document,
Q666_Article_Number,
Q667_Answer,
Q667_Reference_Document,
Q667_Article_Number,
Q668_Answer,
Q668_Reference_Document,
Q668_Article_Number,
Q669_Answer,
Q669_Reference_Document,
Q669_Article_Number,
Q670_Answer,
Q670_Reference_Document,
Q670_Article_Number,
Q671_Answer,
Q671_Reference_Document,
Q671_Article_Number,
Q672_Answer,
Q672_Reference_Document,
Q672_Article_Number,
Q673_Answer,
Q673_Reference_Document,
Q673_Article_Number,
Q674_Answer,
Q674_Reference_Document,
Q674_Article_Number,
Q675_Answer,
Q675_Reference_Document,
Q675_Article_Number,
Q676_Answer,
Q676_Reference_Document,
Q676_Article_Number,
Q677_Answer,
Q677_Reference_Document,
Q677_Article_Number,
Q678_Answer,
Q678_Reference_Document,
Q678_Article_Number,
Q679_Answer,
Q679_Reference_Document,
Q679_Article_Number,
Q680_Answer,
Q680_Reference_Document,
Q680_Article_Number,
Q681_Answer,
Q681_Reference_Document,
Q681_Article_Number,
Q682_Answer,
Q682_Reference_Document,
Q682_Article_Number,
Q683_Answer,
Q683_Reference_Document,
Q683_Article_Number,
Q684_Answer,
Q684_Reference_Document,
Q684_Article_Number,
Q685_Answer,
Q685_Reference_Document,
Q685_Article_Number,
Q686_Answer,
Q686_Reference_Document,
Q686_Article_Number,
Q687_Answer,
Q687_Reference_Document,
Q687_Article_Number,
Q688_Answer,
Q688_Reference_Document,
Q688_Article_Number,
Q689_Answer,
Q689_Reference_Document,
Q689_Article_Number,
Q690_Answer,
Q690_Reference_Document,
Q690_Article_Number,
Q691_Answer,
Q691_Reference_Document,
Q691_Article_Number,
Q692_Answer,
Q692_Reference_Document,
Q692_Article_Number,
Q693_Answer,
Q693_Reference_Document,
Q693_Article_Number,
Q694_Answer,
Q694_Reference_Document,
Q694_Article_Number,
Q695_Answer,
Q695_Reference_Document,
Q695_Article_Number,
Q696_Answer,
Q696_Reference_Document,
Q696_Article_Number,
Q697_Answer,
Q697_Reference_Document,
Q697_Article_Number,
Q698_Answer,
Q698_Reference_Document,
Q698_Article_Number,
Q699_Answer,
Q699_Reference_Document,
Q699_Article_Number,
Q700_Answer,
Q700_Reference_Document,
Q700_Article_Number,
Q701_Answer,
Q701_Reference_Document,
Q701_Article_Number,
Q702_Answer,
Q702_Reference_Document,
Q702_Article_Number,
Q703_Answer,
Q703_Reference_Document,
Q703_Article_Number,
Q704_Answer,
Q704_Reference_Document,
Q704_Article_Number,
Q705_Answer,
Q705_Reference_Document,
Q705_Article_Number,
Q706_Answer,
Q706_Reference_Document,
Q706_Article_Number,
Q707_Answer,
Q707_Reference_Document,
Q707_Article_Number,
Q708_Answer,
Q708_Reference_Document,
Q708_Article_Number,
Q709_Answer,
Q709_Reference_Document,
Q709_Article_Number,
Q710_Answer,
Q710_Reference_Document,
Q710_Article_Number,
Q711_Answer,
Q711_Reference_Document,
Q711_Article_Number,
Q712_Answer,
Q712_Reference_Document,
Q712_Article_Number,
Q713_Answer,
Q713_Reference_Document,
Q713_Article_Number,
Q714_Answer,
Q714_Reference_Document,
Q714_Article_Number,
Q715_Answer,
Q715_Reference_Document,
Q715_Article_Number,
Q716_Answer,
Q716_Reference_Document,
Q716_Article_Number,
Q717_Answer,
Q717_Reference_Document,
Q717_Article_Number,
Q718_Answer,
Q718_Reference_Document,
Q718_Article_Number,
Q719_Answer,
Q719_Reference_Document,
Q719_Article_Number,
Q720_Answer,
Q720_Reference_Document,
Q720_Article_Number,
Q721_Answer,
Q721_Reference_Document,
Q721_Article_Number,
Q722_Answer,
Q722_Reference_Document,
Q722_Article_Number,
Q723_Answer,
Q723_Reference_Document,
Q723_Article_Number,
Q724_Answer,
Q724_Reference_Document,
Q724_Article_Number,
Q725_Answer,
Q725_Reference_Document,
Q725_Article_Number,
Q726_Answer,
Q726_Reference_Document,
Q726_Article_Number,
Q727_Answer,
Q727_Reference_Document,
Q727_Article_Number,
Q728_Answer,
Q728_Reference_Document,
Q728_Article_Number,
Q729_Answer,
Q729_Reference_Document,
Q729_Article_Number,
Q730_Answer,
Q730_Reference_Document,
Q730_Article_Number,
Q731_Answer,
Q731_Reference_Document,
Q731_Article_Number,
Q732_Answer,
Q732_Reference_Document,
Q732_Article_Number,
Q733_Answer,
Q733_Reference_Document,
Q733_Article_Number,
Q734_Answer,
Q734_Reference_Document,
Q734_Article_Number,
Q735_Answer,
Q735_Reference_Document,
Q735_Article_Number,
Q736_Answer,
Q736_Reference_Document,
Q736_Article_Number,
Q737_Answer,
Q737_Reference_Document,
Q737_Article_Number,
Q738_Answer,
Q738_Reference_Document,
Q738_Article_Number,
Q739_Answer,
Q739_Reference_Document,
Q739_Article_Number,
Q740_Answer,
Q740_Reference_Document,
Q740_Article_Number,
Q741_Answer,
Q741_Reference_Document,
Q741_Article_Number,
Q742_Answer,
Q742_Reference_Document,
Q742_Article_Number,
Q743_Answer,
Q743_Reference_Document,
Q743_Article_Number,
Q744_Answer,
Q744_Reference_Document,
Q744_Article_Number,
Q745_Answer,
Q745_Reference_Document,
Q745_Article_Number,
Q746_Answer,
Q746_Reference_Document,
Q746_Article_Number,
Q747_Answer,
Q747_Reference_Document,
Q747_Article_Number,
Q748_Answer,
Q748_Reference_Document,
Q748_Article_Number,
Q749_Answer,
Q749_Reference_Document,
Q749_Article_Number,
Q750_Answer,
Q750_Reference_Document,
Q750_Article_Number,
Q751_Answer,
Q751_Reference_Document,
Q751_Article_Number,
Q752_Answer,
Q752_Reference_Document,
Q752_Article_Number,
Q753_Answer,
Q753_Reference_Document,
Q753_Article_Number,
Q754_Answer,
Q754_Reference_Document,
Q754_Article_Number,
Q755_Answer,
Q755_Reference_Document,
Q755_Article_Number,
Q756_Answer,
Q756_Reference_Document,
Q756_Article_Number,
Q757_Answer,
Q757_Reference_Document,
Q757_Article_Number,
Q758_Answer,
Q758_Reference_Document,
Q758_Article_Number,
Q759_Answer,
Q759_Reference_Document,
Q759_Article_Number,
Q760_Answer,
Q760_Reference_Document,
Q760_Article_Number,
Q761_Answer,
Q761_Reference_Document,
Q761_Article_Number,
Q762_Answer,
Q762_Reference_Document,
Q762_Article_Number,
Q763_Answer,
Q763_Reference_Document,
Q763_Article_Number,
Q764_Answer,
Q764_Reference_Document,
Q764_Article_Number,
Q765_Answer,
Q765_Reference_Document,
Q765_Article_Number,
Q766_Answer,
Q766_Reference_Document,
Q766_Article_Number,
Q767_Answer,
Q767_Reference_Document,
Q767_Article_Number,
Q768_Answer,
Q768_Reference_Document,
Q768_Article_Number,
Q769_Answer,
Q769_Reference_Document,
Q769_Article_Number,
Q770_Answer,
Q770_Reference_Document,
Q770_Article_Number,
Q771_Answer,
Q771_Reference_Document,
Q771_Article_Number,
Q772_Answer,
Q772_Reference_Document,
Q772_Article_Number,
Q773_Answer,
Q773_Reference_Document,
Q773_Article_Number,
Q774_Answer,
Q774_Reference_Document,
Q774_Article_Number,
Q775_Answer,
Q775_Reference_Document,
Q775_Article_Number,
Q776_Answer,
Q776_Reference_Document,
Q776_Article_Number,
Q777_Answer,
Q777_Reference_Document,
Q777_Article_Number,
Q778_Answer,
Q778_Reference_Document,
Q778_Article_Number,
Q779_Answer,
Q779_Reference_Document,
Q779_Article_Number,
Q780_Answer,
Q780_Reference_Document,
Q780_Article_Number,
Q781_Answer,
Q781_Reference_Document,
Q781_Article_Number,
Q782_Answer,
Q782_Reference_Document,
Q782_Article_Number,
Q783_Answer,
Q783_Reference_Document,
Q783_Article_Number,
Q784_Answer,
Q784_Reference_Document,
Q784_Article_Number,
Q785_Answer,
Q785_Reference_Document,
Q785_Article_Number,
Q786_Answer,
Q786_Reference_Document,
Q786_Article_Number,
Q787_Answer,
Q787_Reference_Document,
Q787_Article_Number,
Q788_Answer,
Q788_Reference_Document,
Q788_Article_Number,
Q789_Answer,
Q789_Reference_Document,
Q789_Article_Number,
Q790_Answer,
Q790_Reference_Document,
Q790_Article_Number,
Q791_Answer,
Q791_Reference_Document,
Q791_Article_Number,
Q792_Answer,
Q792_Reference_Document,
Q792_Article_Number,
Q793_Answer,
Q793_Reference_Document,
Q793_Article_Number,
Q794_Answer,
Q794_Reference_Document,
Q794_Article_Number,
Q795_Answer,
Q795_Reference_Document,
Q795_Article_Number,
Q796_Answer,
Q796_Reference_Document,
Q796_Article_Number,
Q797_Answer,
Q797_Reference_Document,
Q797_Article_Number,
Q798_Answer,
Q798_Reference_Document,
Q798_Article_Number,
Q799_Answer,
Q799_Reference_Document,
Q799_Article_Number,
Q800_Answer,
Q800_Reference_Document,
Q800_Article_Number,
Q801_Answer,
Q801_Reference_Document,
Q801_Article_Number,
Q802_Answer,
Q802_Reference_Document,
Q802_Article_Number,
Q803_Answer,
Q803_Reference_Document,
Q803_Article_Number,
Q804_Answer,
Q804_Reference_Document,
Q804_Article_Number,
Q805_Answer,
Q805_Reference_Document,
Q805_Article_Number,
Q806_Answer,
Q806_Reference_Document,
Q806_Article_Number,
Q807_Answer,
Q807_Reference_Document,
Q807_Article_Number,
Q808_Answer,
Q808_Reference_Document,
Q808_Article_Number,
Q809_Answer,
Q809_Reference_Document,
Q809_Article_Number,
Q810_Answer,
Q810_Reference_Document,
Q810_Article_Number,
Q811_Answer,
Q811_Reference_Document,
Q811_Article_Number,
Q812_Answer,
Q812_Reference_Document,
Q812_Article_Number,
Q813_Answer,
Q813_Reference_Document,
Q813_Article_Number,
Q814_Answer,
Q814_Reference_Document,
Q814_Article_Number,
Q815_Answer,
Q815_Reference_Document,
Q815_Article_Number,
Q816_Answer,
Q816_Reference_Document,
Q816_Article_Number,
Q817_Answer,
Q817_Reference_Document,
Q817_Article_Number,
Q818_Answer,
Q818_Reference_Document,
Q818_Article_Number,
Q819_Answer,
Q819_Reference_Document,
Q819_Article_Number,
Q820_Answer,
Q820_Reference_Document,
Q820_Article_Number,
Q821_Answer,
Q821_Reference_Document,
Q821_Article_Number,
Q822_Answer,
Q822_Reference_Document,
Q822_Article_Number,
Q823_Answer,
Q823_Reference_Document,
Q823_Article_Number,
Q824_Answer,
Q824_Reference_Document,
Q824_Article_Number,
Q825_Answer,
Q825_Reference_Document,
Q825_Article_Number,
Q826_Answer,
Q826_Reference_Document,
Q826_Article_Number,
Q827_Answer,
Q827_Reference_Document,
Q827_Article_Number,
Q828_Answer,
Q828_Reference_Document,
Q828_Article_Number,
Q829_Answer,
Q829_Reference_Document,
Q829_Article_Number,
Q830_Answer,
Q830_Reference_Document,
Q830_Article_Number,
Q831_Answer,
Q831_Reference_Document,
Q831_Article_Number,
Q832_Answer,
Q832_Reference_Document,
Q832_Article_Number,
Q833_Answer,
Q833_Reference_Document,
Q833_Article_Number,
Q834_Answer,
Q834_Reference_Document,
Q834_Article_Number,
Q835_Answer,
Q835_Reference_Document,
Q835_Article_Number,
Q836_Answer,
Q836_Reference_Document,
Q836_Article_Number,
Q837_Answer,
Q837_Reference_Document,
Q837_Article_Number,
Q838_Answer,
Q838_Reference_Document,
Q838_Article_Number,
Q839_Answer,
Q839_Reference_Document,
Q839_Article_Number,
Q840_Answer,
Q840_Reference_Document,
Q840_Article_Number,
Q841_Answer,
Q841_Reference_Document,
Q841_Article_Number,
Q842_Answer,
Q842_Reference_Document,
Q842_Article_Number,
Q843_Answer,
Q843_Reference_Document,
Q843_Article_Number,
Q844_Answer,
Q844_Reference_Document,
Q844_Article_Number,
Q845_Answer,
Q845_Reference_Document,
Q845_Article_Number,
Q846_Answer,
Q846_Reference_Document,
Q846_Article_Number,
Q847_Answer,
Q847_Reference_Document,
Q847_Article_Number,
Q848_Answer,
Q848_Reference_Document,
Q848_Article_Number,
Q849_Answer,
Q849_Reference_Document,
Q849_Article_Number,
Q850_Answer,
Q850_Reference_Document,
Q850_Article_Number,
Q851_Answer,
Q851_Reference_Document,
Q851_Article_Number,
Q852_Answer,
Q852_Reference_Document,
Q852_Article_Number,
Q853_Answer,
Q853_Reference_Document,
Q853_Article_Number,
Q854_Answer,
Q854_Reference_Document,
Q854_Article_Number,
Q855_Answer,
Q855_Reference_Document,
Q855_Article_Number,
Q856_Answer,
Q856_Reference_Document,
Q856_Article_Number,
Q857_Answer,
Q857_Reference_Document,
Q857_Article_Number,
Q858_Answer,
Q858_Reference_Document,
Q858_Article_Number,
Q859_Answer,
Q859_Reference_Document,
Q859_Article_Number,
Q860_Answer,
Q860_Reference_Document,
Q860_Article_Number,
Q861_Answer,
Q861_Reference_Document,
Q861_Article_Number,
Q862_Answer,
Q862_Reference_Document,
Q862_Article_Number,
Q863_Answer,
Q863_Reference_Document,
Q863_Article_Number,
Q864_Answer,
Q864_Reference_Document,
Q864_Article_Number,
Q865_Answer,
Q865_Reference_Document,
Q865_Article_Number,
Q866_Answer,
Q866_Reference_Document,
Q866_Article_Number,
Q867_Answer,
Q867_Reference_Document,
Q867_Article_Number,
Q868_Answer,
Q868_Reference_Document,
Q868_Article_Number,
Q869_Answer,
Q869_Reference_Document,
Q869_Article_Number,
Q870_Answer,
Q870_Reference_Document,
Q870_Article_Number,
Q871_Answer,
Q871_Reference_Document,
Q871_Article_Number,
Q872_Answer,
Q872_Reference_Document,
Q872_Article_Number,
Q873_Answer,
Q873_Reference_Document,
Q873_Article_Number,
Q874_Answer,
Q874_Reference_Document,
Q874_Article_Number,
Q875_Answer,
Q875_Reference_Document,
Q875_Article_Number,
Q876_Answer,
Q876_Reference_Document,
Q876_Article_Number,
Q877_Answer,
Q877_Reference_Document,
Q877_Article_Number,
Q878_Answer,
Q878_Reference_Document,
Q878_Article_Number,
Q879_Answer,
Q879_Reference_Document,
Q879_Article_Number,
Q880_Answer,
Q880_Reference_Document,
Q880_Article_Number,
Q881_Answer,
Q881_Reference_Document,
Q881_Article_Number,
Q882_Answer,
Q882_Reference_Document,
Q882_Article_Number,
Q883_Answer,
Q883_Reference_Document,
Q883_Article_Number,
Q884_Answer,
Q884_Reference_Document,
Q884_Article_Number,
Q885_Answer,
Q885_Reference_Document,
Q885_Article_Number,
Q886_Answer,
Q886_Reference_Document,
Q886_Article_Number,
Q887_Answer,
Q887_Reference_Document,
Q887_Article_Number,
Q888_Answer,
Q888_Reference_Document,
Q888_Article_Number,
Q889_Answer,
Q889_Reference_Document,
Q889_Article_Number,
Q890_Answer,
Q890_Reference_Document,
Q890_Article_Number,
Q891_Answer,
Q891_Reference_Document,
Q891_Article_Number,
Q892_Answer,
Q892_Reference_Document,
Q892_Article_Number,
Q893_Answer,
Q893_Reference_Document,
Q893_Article_Number,
Q894_Answer,
Q894_Reference_Document,
Q894_Article_Number,
Q895_Answer,
Q895_Reference_Document,
Q895_Article_Number,
Q896_Answer,
Q896_Reference_Document,
Q896_Article_Number,
Q897_Answer,
Q897_Reference_Document,
Q897_Article_Number,
Q898_Answer,
Q898_Reference_Document,
Q898_Article_Number,
Q899_Answer,
Q899_Reference_Document,
Q899_Article_Number,
Q900_Answer,
Q900_Reference_Document,
Q900_Article_Number,
Q901_Answer,
Q901_Reference_Document,
Q901_Article_Number,
Q902_Answer,
Q902_Reference_Document,
Q902_Article_Number,
Q903_Answer,
Q903_Reference_Document,
Q903_Article_Number,
Q904_Answer,
Q904_Reference_Document,
Q904_Article_Number,
Q905_Answer,
Q905_Reference_Document,
Q905_Article_Number,
Q906_Answer,
Q906_Reference_Document,
Q906_Article_Number,
Q907_Answer,
Q907_Reference_Document,
Q907_Article_Number,
Q908_Answer,
Q908_Reference_Document,
Q908_Article_Number,
Q909_Answer,
Q909_Reference_Document,
Q909_Article_Number,
Q910_Answer,
Q910_Reference_Document,
Q910_Article_Number,
Q911_Answer,
Q911_Reference_Document,
Q911_Article_Number,
Q912_Answer,
Q912_Reference_Document,
Q912_Article_Number,
Q913_Answer,
Q913_Reference_Document,
Q913_Article_Number,
Q914_Answer,
Q914_Reference_Document,
Q914_Article_Number,
Q915_Answer,
Q915_Reference_Document,
Q915_Article_Number,
Q916_Answer,
Q916_Reference_Document,
Q916_Article_Number,
Q917_Answer,
Q917_Reference_Document,
Q917_Article_Number,
Q918_Answer,
Q918_Reference_Document,
Q918_Article_Number,
Q919_Answer,
Q919_Reference_Document,
Q919_Article_Number,
Q920_Answer,
Q920_Reference_Document,
Q920_Article_Number,
Q921_Answer,
Q921_Reference_Document,
Q921_Article_Number,
Q922_Answer,
Q922_Reference_Document,
Q922_Article_Number,
Q923_Answer,
Q923_Reference_Document,
Q923_Article_Number,
Q924_Answer,
Q924_Reference_Document,
Q924_Article_Number,
Q925_Answer,
Q925_Reference_Document,
Q925_Article_Number,
Q926_Answer,
Q926_Reference_Document,
Q926_Article_Number,
Q927_Answer,
Q927_Reference_Document,
Q927_Article_Number,
Q928_Answer,
Q928_Reference_Document,
Q928_Article_Number,
Q929_Answer,
Q929_Reference_Document,
Q929_Article_Number,
Q930_Answer,
Q930_Reference_Document,
Q930_Article_Number,
Q931_Answer,
Q931_Reference_Document,
Q931_Article_Number,
Q932_Answer,
Q932_Reference_Document,
Q932_Article_Number,
Q933_Answer,
Q933_Reference_Document,
Q933_Article_Number,
Q934_Answer,
Q934_Reference_Document,
Q934_Article_Number,
Q935_Answer,
Q935_Reference_Document,
Q935_Article_Number,
Q936_Answer,
Q936_Reference_Document,
Q936_Article_Number,
Q937_Answer,
Q937_Reference_Document,
Q937_Article_Number,
Q938_Answer,
Q938_Reference_Document,
Q938_Article_Number,
Q939_Answer,
Q939_Reference_Document,
Q939_Article_Number,
Q940_Answer,
Q940_Reference_Document,
Q940_Article_Number,
Q941_Answer,
Q941_Reference_Document,
Q941_Article_Number,
Q942_Answer,
Q942_Reference_Document,
Q942_Article_Number,
Q943_Answer,
Q943_Reference_Document,
Q943_Article_Number,
Q944_Answer,
Q944_Reference_Document,
Q944_Article_Number,
Q945_Answer,
Q945_Reference_Document,
Q945_Article_Number,
Q946_Answer,
Q946_Reference_Document,
Q946_Article_Number,
Q947_Answer,
Q947_Reference_Document,
Q947_Article_Number,
Q948_Answer,
Q948_Reference_Document,
Q948_Article_Number,
Q949_Answer,
Q949_Reference_Document,
Q949_Article_Number,
Q950_Answer,
Q950_Reference_Document,
Q950_Article_Number,
Q951_Answer,
Q951_Reference_Document,
Q951_Article_Number,
Q952_Answer,
Q952_Reference_Document,
Q952_Article_Number,
Q953_Answer,
Q953_Reference_Document,
Q953_Article_Number,
Q954_Answer,
Q954_Reference_Document,
Q954_Article_Number,
Q955_Answer,
Q955_Reference_Document,
Q955_Article_Number,
Q956_Answer,
Q956_Reference_Document,
Q956_Article_Number,
Q957_Answer,
Q957_Reference_Document,
Q957_Article_Number,
Q958_Answer,
Q958_Reference_Document,
Q958_Article_Number,
Q959_Answer,
Q959_Reference_Document,
Q959_Article_Number,
Q960_Answer,
Q960_Reference_Document,
Q960_Article_Number,
Q961_Answer,
Q961_Reference_Document,
Q961_Article_Number,
Q962_Answer,
Q962_Reference_Document,
Q962_Article_Number,
Q963_Answer,
Q963_Reference_Document,
Q963_Article_Number,
Q964_Answer,
Q964_Reference_Document,
Q964_Article_Number,
Q965_Answer,
Q965_Reference_Document,
Q965_Article_Number,
Q966_Answer,
Q966_Reference_Document,
Q966_Article_Number,
Q967_Answer,
Q967_Reference_Document,
Q967_Article_Number,
Q968_Answer,
Q968_Reference_Document,
Q968_Article_Number,
Q969_Answer,
Q969_Reference_Document,
Q969_Article_Number,
Q970_Answer,
Q970_Reference_Document,
Q970_Article_Number,
Q971_Answer,
Q971_Reference_Document,
Q971_Article_Number,
Q972_Answer,
Q972_Reference_Document,
Q972_Article_Number,
Q973_Answer,
Q973_Reference_Document,
Q973_Article_Number,
Q974_Answer,
Q974_Reference_Document,
Q974_Article_Number,
Q975_Answer,
Q975_Reference_Document,
Q975_Article_Number,
Q976_Answer,
Q976_Reference_Document,
Q976_Article_Number,
Q977_Answer,
Q977_Reference_Document,
Q977_Article_Number,
Q978_Answer,
Q978_Reference_Document,
Q978_Article_Number,
Q979_Answer,
Q979_Reference_Document,
Q979_Article_Number,
Q980_Answer,
Q980_Reference_Document,
Q980_Article_Number,
Q981_Answer,
Q981_Reference_Document,
Q981_Article_Number,
Q982_Answer,
Q982_Reference_Document,
Q982_Article_Number,
Q983_Answer,
Q983_Reference_Document,
Q983_Article_Number,
Q984_Answer,
Q984_Reference_Document,
Q984_Article_Number,
Q985_Answer,
Q985_Reference_Document,
Q985_Article_Number,
Q986_Answer,
Q986_Reference_Document,
Q986_Article_Number,
Q987_Answer,
Q987_Reference_Document,
Q987_Article_Number,
Q988_Answer,
Q988_Reference_Document,
Q988_Article_Number,
Q989_Answer,
Q989_Reference_Document,
Q989_Article_Number,
Q990_Answer,
Q990_Reference_Document,
Q990_Article_Number,
Q991_Answer,
Q991_Reference_Document,
Q991_Article_Number,
Q992_Answer,
Q992_Reference_Document,
Q992_Article_Number,
Q993_Answer,
Q993_Reference_Document,
Q993_Article_Number,
Q994_Answer,
Q994_Reference_Document,
Q994_Article_Number,
Q995_Answer,
Q995_Reference_Document,
Q995_Article_Number,
Q996_Answer,
Q996_Reference_Document,
Q996_Article_Number,
Q997_Answer,
Q997_Reference_Document,
Q997_Article_Number,
Q998_Answer,
Q998_Reference_Document,
Q998_Article_Number,
Q999_Answer,
Q999_Reference_Document,
Q999_Article_Number,
Q1000_Answer,
Q1000_Reference_Document,
Q1000_Article_Number,
